milestone_id	age_checkpoint_months	age_window_label	age_colour_key	domain	milestone_text	activity_text	source_name	source_url	source_reviewed_on	content_status	locale
cdc_02m_social_01	2	Around 2 months	violet	social_emotional	Calms when spoken to or picked up		CDC Learn the Signs. Act Early.	https://www.cdc.gov/act-early/milestones/2-months.html	2026-09-28	published	en
cdc_02m_social_02	2	Around 2 months	violet	social_emotional	Looks at your face		CDC Learn the Signs. Act Early.	https://www.cdc.gov/act-early/milestones/2-months.html	2026-09-28	published	en
cdc_02m_social_03	2	Around 2 months	violet	social_emotional	Seems happy when you come close		CDC Learn the Signs. Act Early.	https://www.cdc.gov/act-early/milestones/2-months.html	2026-09-28	published	en
cdc_02m_social_04	2	Around 2 months	violet	social_emotional	Smiles when you talk or smile	Talk, read, or sing together for a few minutes.	CDC Learn the Signs. Act Early.	https://www.cdc.gov/act-early/milestones/2-months.html	2026-09-28	published	en
cdc_02m_language_01	2	Around 2 months	violet	language_communication	Makes sounds other than crying	When your baby makes a sound, smile and answer back. Then pause for their response.	CDC Learn the Signs. Act Early.	https://www.cdc.gov/act-early/milestones/2-months.html	2026-09-28	published	en
cdc_02m_language_02	2	Around 2 months	violet	language_communication	Reacts to loud sounds		CDC Learn the Signs. Act Early.	https://www.cdc.gov/act-early/milestones/2-months.html	2026-09-28	published	en
cdc_02m_cognitive_01	2	Around 2 months	violet	cognitive_learning	Watches you as you move		CDC Learn the Signs. Act Early.	https://www.cdc.gov/act-early/milestones/2-months.html	2026-09-28	published	en
cdc_02m_cognitive_02	2	Around 2 months	violet	cognitive_learning	Looks at a toy for several seconds	Look at a bright picture or familiar face together and describe what you see.	CDC Learn the Signs. Act Early.	https://www.cdc.gov/act-early/milestones/2-months.html	2026-09-28	published	en
cdc_02m_movement_01	2	Around 2 months	violet	movement_physical	Holds head up during tummy time	Try supervised tummy time while your baby is awake, with something interesting at eye level. If sleepy, place baby on their back in a safe sleep space.	CDC Learn the Signs. Act Early.	https://www.cdc.gov/act-early/milestones/2-months.html	2026-09-28	published	en
cdc_02m_movement_02	2	Around 2 months	violet	movement_physical	Moves both arms and both legs		CDC Learn the Signs. Act Early.	https://www.cdc.gov/act-early/milestones/2-months.html	2026-09-28	published	en
cdc_02m_movement_03	2	Around 2 months	violet	movement_physical	Opens hands briefly		CDC Learn the Signs. Act Early.	https://www.cdc.gov/act-early/milestones/2-months.html	2026-09-28	published	en
